{
  "n_total": 25824,
  "n_train": 20735,
  "n_test": 5089,
  "n_train_positive": 838,
  "n_test_positive": 185,
  "positive_rate_train": 0.04041475765613697,
  "positive_rate_test": 0.03635291805855767,
  "pr_auc": 0.21743031242880512,
  "roc_auc": 0.8426943256470173,
  "precision_at_0.5": 0.5,
  "recall_at_0.5": 0.010810810810810811,
  "f1_at_0.5": 0.021164021164021163,
  "features": [
    "pre_rsrp",
    "pre_sinr_db_calc",
    "pre_distance_ue",
    "pre_gap_db",
    "pre_hysteresis",
    "pre_speed_ue",
    "pre_trigger_a3",
    "pre_trigger_kpi",
    "pre_dx_ue",
    "pre_dy_ue"
  ],
  "model": "EBM"
}