{
  "n_total": 50997,
  "n_train": 32802,
  "n_val": 8071,
  "n_test": 10124,
  "n_train_positive": 975,
  "n_val_positive": 216,
  "n_test_positive": 285,
  "positive_rate_train": 0.02972379732943113,
  "positive_rate_val": 0.02676248296369719,
  "positive_rate_test": 0.028150928486764124,
  "features": [
    "pre_rsrp",
    "pre_sinr_db_calc",
    "pre_distance_ue",
    "pre_gap_db",
    "pre_hysteresis",
    "pre_speed_ue",
    "pre_trigger_a3",
    "pre_trigger_kpi",
    "pre_dx_ue",
    "pre_dy_ue",
    "delta_gap_1s",
    "delta_sinr_1s"
  ],
  "model": "LightGBM_compact_tuned_valsplit",
  "best_model_by_validation_pr_auc": {
    "trial": 196,
    "num_leaves": 31,
    "max_depth": -1,
    "min_child_samples": 10,
    "learning_rate": 0.03,
    "n_estimators": 300,
    "subsample": 0.8,
    "colsample_bytree": 0.8,
    "reg_lambda": 1.0,
    "scale_pos_weight": 24.482307692307693,
    "val_pr_auc": 0.15923338121183594,
    "val_roc_auc": 0.8561829573048542,
    "val_f1_at_0.5": 0.1909275558564658
  },
  "validation_best_f1_threshold": {
    "threshold": 0.7,
    "n_total": 8071.0,
    "n_gate": 551.0,
    "n_unstable": 216.0,
    "n_stable": 7855.0,
    "n_reversal_15": 121.0,
    "n_short_dwell_15": 216.0,
    "precision": 0.14156079854809436,
    "recall": 0.3611111111111111,
    "f1": 0.2033898305084746,
    "ho_reduction_pct": 6.826911163424606,
    "unstable_reduction_pct": 36.111111111111114,
    "stable_loss_pct": 6.021642266072565,
    "reversal_reduction_pct": 26.446280991735538,
    "short_dwell_reduction_pct": 36.111111111111114
  },
  "validation_best_threshold_under_stable_loss": {
    "threshold": 0.6,
    "n_total": 8071.0,
    "n_gate": 877.0,
    "n_unstable": 216.0,
    "n_stable": 7855.0,
    "n_reversal_15": 121.0,
    "n_short_dwell_15": 216.0,
    "precision": 0.12428734321550741,
    "recall": 0.5046296296296297,
    "f1": 0.19945105215004574,
    "ho_reduction_pct": 10.866063684797423,
    "unstable_reduction_pct": 50.46296296296296,
    "stable_loss_pct": 9.777211966900063,
    "reversal_reduction_pct": 42.14876033057851,
    "short_dwell_reduction_pct": 50.46296296296296
  },
  "test_metrics_at_0.5": {
    "pr_auc": 0.15807637777721184,
    "roc_auc": 0.8773015728670187,
    "precision": 0.11906269791006967,
    "recall": 0.6596491228070176,
    "f1": 0.2017167381974249
  },
  "test_metrics_at_validation_best_f1_threshold": {
    "pr_auc": 0.15807637777721184,
    "roc_auc": 0.8773015728670187,
    "precision": 0.15512465373961218,
    "recall": 0.3929824561403509,
    "f1": 0.2224428997020854
  },
  "test_metrics_at_validation_constraint_threshold": {
    "pr_auc": 0.15807637777721184,
    "roc_auc": 0.8773015728670187,
    "precision": 0.13428827215756492,
    "recall": 0.5263157894736842,
    "f1": 0.21398002853067047
  }
}