{
  "n_total": 46598,
  "n_train": 37490,
  "n_test": 9108,
  "n_train_positive": 1519,
  "n_test_positive": 332,
  "positive_rate_train": 0.04051747132568685,
  "positive_rate_test": 0.03645147123407993,
  "pr_auc": 0.1721948605954339,
  "roc_auc": 0.7843190217570373,
  "precision_at_0.5": 0.09634809634809635,
  "recall_at_0.5": 0.7469879518072289,
  "f1_at_0.5": 0.17068134893324158,
  "C": 1.0,
  "features": [
    "pre_rsrp",
    "pre_sinr_db_calc",
    "pre_distance_ue",
    "pre_gap_db",
    "pre_hysteresis",
    "pre_speed_ue",
    "pre_trigger_a3",
    "pre_trigger_kpi",
    "pre_dx_ue",
    "pre_dy_ue",
    "delta_gap_1s",
    "delta_sinr_1s",
    "delta_distance_1s"
  ]
}