{
  "n_total": 50997,
  "n_train_original": 40873,
  "n_test": 10124,
  "n_train_positive_original": 1191,
  "n_test_positive": 285,
  "positive_rate_train_original": 0.029139040442345804,
  "positive_rate_test": 0.028150928486764124,
  "n_train_resampled": 44443,
  "n_train_positive_resampled": 4761,
  "positive_rate_train_resampled": 0.10712598159440181,
  "smote_ratio": 0.12,
  "k_neighbors": 5,
  "pr_auc": 0.17455960769743464,
  "roc_auc": 0.8834819541994533,
  "precision_at_0.5": 0.23353293413173654,
  "recall_at_0.5": 0.1368421052631579,
  "f1_at_0.5": 0.17256637168141592,
  "features": [
    "pre_rsrp",
    "pre_sinr_db_calc",
    "pre_distance_ue",
    "pre_gap_db",
    "pre_hysteresis",
    "pre_speed_ue",
    "pre_trigger_a3",
    "pre_trigger_kpi",
    "pre_dx_ue",
    "pre_dy_ue",
    "delta_gap_1s",
    "delta_sinr_1s"
  ],
  "model": "LightGBM_partial_SMOTE"
}